name,0:00,0:15,0:30,0:45,1:00,1:15,1:30,1:45,2:00,2:15,2:30,2:45,3:00,3:15,3:30,3:45,4:00,4:15,4:30,4:45,5:00,5:15,5:30,5:45,6:00,6:15,6:30,6:45,7:00,7:15,7:30,7:45,8:00,8:15,8:30,8:45,9:00,9:15,9:30,9:45,10:00,10:15,10:30,10:45,11:00,11:15,11:30,11:45,12:00,12:15,12:30,12:45,13:00,13:15,13:30,13:45,14:00,14:15,14:30,14:45,15:00,15:15,15:30,15:45,16:00,16:15,16:30,16:45,17:00,17:15,17:30,17:45,18:00,18:15,18:30,18:45,19:00,19:15,19:30,19:45,20:00,20:15,20:30,20:45,21:00,21:15,21:30,21:45,22:00,22:15,22:30,22:45,23:00,23:15,23:30,23:45
Load1_cur,0.412103,0.387682,0.391905,0.382514,0.380176,0.376990,0.379632,0.371624,0.361036,0.370519,0.364747,0.368924,0.364444,0.376907,0.383799,0.390812,0.393168,0.416221,0.437869,0.452459,0.473239,0.498480,0.532217,0.557451,0.570066,0.588518,0.610917,0.617975,0.652620,0.673597,0.673826,0.694201,0.692761,0.732100,0.746508,0.755784,0.777249,0.774342,0.772846,0.776035,0.795921,0.793238,0.795450,0.806459,0.799948,0.811633,0.799318,0.803000,0.810508,0.799662,0.799143,0.810095,0.787747,0.798089,0.795899,0.805239,0.811389,0.802184,0.810564,0.796698,0.812472,0.807914,0.798191,0.806407,0.821775,0.811792,0.819463,0.834650,0.835558,0.807787,0.851383,0.814575,0.821565,0.819943,0.817526,0.811189,0.792700,0.795552,0.785837,0.795232,0.775348,0.762292,0.728547,0.718701,0.677412,0.644817,0.615091,0.573812,0.551982,0.523685,0.501226,0.464960,0.452575,0.447327,0.448560,0.464157
Load2_cur,0.396358,0.387640,0.384158,0.379595,0.376824,0.379340,0.364584,0.365599,0.371108,0.368147,0.371549,0.371994,0.366048,0.363518,0.398348,0.386059,0.404294,0.416615,0.440043,0.451673,0.462900,0.508877,0.518661,0.540084,0.566674,0.593319,0.605859,0.611586,0.616084,0.666769,0.668730,0.686476,0.681990,0.715123,0.739974,0.749472,0.776240,0.794320,0.782523,0.793897,0.779990,0.802459,0.790231,0.810533,0.795130,0.811225,0.798214,0.810109,0.817348,0.809525,0.800972,0.811615,0.796618,0.789274,0.787954,0.806701,0.803481,0.797401,0.808106,0.826514,0.808777,0.820957,0.809480,0.825395,0.834037,0.832907,0.814909,0.814000,0.829667,0.822349,0.823605,0.829871,0.805911,0.812042,0.808935,0.813752,0.792821,0.774707,0.793083,0.785165,0.756531,0.760835,0.721645,0.706782,0.679106,0.650209,0.615510,0.581415,0.540605,0.515313,0.487299,0.480933,0.441699,0.444153,0.441665,0.440200
Load3_cur,0.400050,0.398940,0.380746,0.382742,0.380373,0.375358,0.380578,0.369641,0.363579,0.373390,0.364957,0.371231,0.366190,0.366619,0.379305,0.382984,0.393231,0.418212,0.438611,0.463930,0.477342,0.503836,0.521284,0.553990,0.571003,0.589075,0.605908,0.619660,0.631435,0.658248,0.665369,0.689447,0.714970,0.703807,0.725561,0.751179,0.787493,0.770981,0.775742,0.799740,0.805831,0.786281,0.788458,0.801150,0.801565,0.815576,0.798641,0.804189,0.806828,0.809089,0.797122,0.785079,0.784341,0.797386,0.798226,0.801128,0.792485,0.805734,0.810983,0.812406,0.810130,0.833874,0.822191,0.827311,0.813232,0.825553,0.829605,0.839564,0.843689,0.831286,0.815157,0.827431,0.819528,0.812973,0.810113,0.800292,0.800569,0.776374,0.774771,0.778952,0.780057,0.731250,0.715652,0.699160,0.675239,0.645199,0.615956,0.574791,0.544177,0.522861,0.494281,0.477264,0.450571,0.454613,0.457942,0.438350
Load4_cur,0.398671,0.401249,0.383792,0.389536,0.377746,0.388195,0.372480,0.378201,0.363213,0.368377,0.372312,0.374811,0.374431,0.375430,0.381734,0.383688,0.389374,0.415518,0.443554,0.454267,0.478740,0.503212,0.512814,0.554019,0.585964,0.579979,0.604223,0.602895,0.653944,0.642636,0.652986,0.681145,0.672273,0.717611,0.736413,0.746130,0.770209,0.765288,0.781437,0.788384,0.800940,0.807728,0.796329,0.792421,0.806874,0.808180,0.814163,0.805165,0.813436,0.802046,0.802940,0.797054,0.816932,0.790315,0.799988,0.806995,0.809992,0.797034,0.793449,0.791164,0.808612,0.820855,0.832783,0.815209,0.823177,0.824028,0.833779,0.831367,0.832657,0.832070,0.840858,0.830759,0.827977,0.814280,0.818699,0.812573,0.810020,0.802112,0.794158,0.775065,0.771621,0.728844,0.738449,0.704537,0.685920,0.650863,0.628025,0.596711,0.547583,0.531664,0.492575,0.480933,0.454518,0.439072,0.439105,0.451915
Load5_cur,0.396823,0.399506,0.385189,0.384136,0.379013,0.379337,0.375532,0.362399,0.368246,0.363966,0.368851,0.367663,0.363501,0.377323,0.381913,0.392639,0.393408,0.404055,0.441020,0.457303,0.469522,0.503156,0.536958,0.548264,0.581860,0.597513,0.610018,0.621757,0.631656,0.650194,0.675758,0.689628,0.705669,0.702103,0.713172,0.719064,0.755465,0.765169,0.773913,0.770775,0.795151,0.794302,0.789332,0.796483,0.794024,0.808135,0.807221,0.805877,0.805109,0.798483,0.795839,0.805436,0.798604,0.791627,0.783672,0.789701,0.800107,0.809824,0.809940,0.797943,0.815636,0.809811,0.829445,0.803771,0.841546,0.825175,0.828591,0.833131,0.826398,0.819605,0.819825,0.823484,0.797285,0.826616,0.815638,0.831809,0.798436,0.816089,0.792136,0.772198,0.762428,0.755372,0.714325,0.695953,0.686862,0.675618,0.617124,0.574522,0.549592,0.517135,0.492805,0.471812,0.445628,0.453967,0.445446,0.452325
Load6_cur,0.391860,0.398354,0.390223,0.378779,0.382576,0.379935,0.374336,0.374132,0.366718,0.374268,0.369813,0.369507,0.363012,0.380509,0.391738,0.386257,0.394505,0.421146,0.432636,0.449331,0.480605,0.508263,0.527490,0.568745,0.598143,0.590548,0.606768,0.621344,0.641577,0.651590,0.664037,0.681188,0.695356,0.715738,0.714168,0.763611,0.767083,0.770688,0.775932,0.803727,0.797043,0.795247,0.780029,0.801115,0.812738,0.797021,0.803552,0.812013,0.807598,0.812117,0.804460,0.794566,0.800164,0.807407,0.795920,0.803213,0.792725,0.788297,0.811470,0.816988,0.817434,0.824984,0.804473,0.815072,0.823751,0.825708,0.828749,0.827668,0.825085,0.829760,0.832583,0.807616,0.835750,0.804899,0.807395,0.811941,0.803000,0.791934,0.782724,0.770342,0.750530,0.735122,0.720146,0.701494,0.693462,0.649993,0.615575,0.588403,0.559697,0.515594,0.485979,0.476835,0.448244,0.442573,0.453938,0.440640
Load7_cur,0.396140,0.394073,0.383510,0.384610,0.376818,0.380955,0.374009,0.375793,0.367658,0.366927,0.364549,0.367501,0.371955,0.370850,0.386527,0.386141,0.399836,0.418754,0.437976,0.459896,0.473797,0.505400,0.522756,0.560162,0.570275,0.586566,0.606708,0.612590,0.638813,0.642412,0.671868,0.685148,0.697180,0.708205,0.719442,0.735411,0.748241,0.753608,0.781925,0.787393,0.798633,0.801872,0.797257,0.797670,0.800189,0.788082,0.809576,0.797720,0.796356,0.787615,0.794239,0.773315,0.805409,0.784373,0.808149,0.796078,0.797603,0.803596,0.795381,0.801383,0.818807,0.807128,0.816517,0.818825,0.827180,0.839975,0.829530,0.841035,0.822176,0.812453,0.814134,0.825541,0.846272,0.814276,0.816895,0.800891,0.814400,0.793884,0.788916,0.780618,0.760129,0.734168,0.718708,0.712924,0.682365,0.636735,0.609941,0.588949,0.547459,0.515539,0.505249,0.475380,0.447263,0.448248,0.447252,0.446818
Load8_cur,0.403495,0.393600,0.385569,0.381493,0.372781,0.376135,0.374248,0.374959,0.366237,0.376631,0.373371,0.369694,0.378132,0.379638,0.386408,0.390237,0.393012,0.420591,0.437638,0.462795,0.475931,0.499101,0.534107,0.555963,0.573498,0.589952,0.599947,0.606570,0.638623,0.650733,0.668401,0.673133,0.689769,0.731144,0.724256,0.760134,0.779878,0.775163,0.781601,0.790993,0.798258,0.809392,0.796333,0.800360,0.810653,0.804790,0.798184,0.805837,0.820985,0.792989,0.816950,0.805037,0.791092,0.797897,0.811628,0.824171,0.804054,0.803046,0.806998,0.802428,0.816379,0.818941,0.825166,0.840062,0.830544,0.848167,0.802954,0.809445,0.827571,0.809107,0.849881,0.805793,0.818213,0.824266,0.804724,0.804544,0.808854,0.795275,0.764475,0.764408,0.739255,0.726667,0.726289,0.698319,0.680381,0.661389,0.626969,0.583620,0.556407,0.536582,0.497364,0.471346,0.452044,0.444348,0.448513,0.457378
Load9_cur,0.397189,0.387098,0.385706,0.385960,0.379545,0.377959,0.376196,0.368972,0.368991,0.368846,0.371273,0.374411,0.365377,0.372187,0.379191,0.377702,0.393644,0.410356,0.431385,0.457479,0.476388,0.504014,0.517387,0.556600,0.581917,0.600483,0.603803,0.630168,0.641376,0.638518,0.695435,0.690594,0.705828,0.716013,0.740049,0.741814,0.754484,0.762315,0.779914,0.772405,0.796136,0.786698,0.791353,0.814966,0.803153,0.786744,0.796027,0.801782,0.811081,0.806260,0.791588,0.800901,0.804931,0.790829,0.806164,0.797329,0.804346,0.790587,0.817194,0.798540,0.810115,0.816294,0.797780,0.842260,0.817086,0.840514,0.810931,0.825934,0.829119,0.838912,0.825135,0.832017,0.835283,0.839013,0.812911,0.812958,0.799599,0.803665,0.797715,0.765761,0.755398,0.743810,0.734624,0.703829,0.671010,0.658180,0.614395,0.584347,0.545861,0.530454,0.495816,0.473481,0.441412,0.450839,0.451091,0.452132
Load10_cur,0.398074,0.395184,0.388967,0.387306,0.381096,0.376303,0.372593,0.374138,0.373213,0.364111,0.374613,0.373440,0.364625,0.371346,0.377437,0.385245,0.389515,0.417821,0.433391,0.451660,0.475321,0.505362,0.536524,0.548593,0.575809,0.577647,0.605187,0.618101,0.636924,0.658207,0.673464,0.698034,0.695113,0.714016,0.724594,0.763103,0.776579,0.763795,0.782231,0.817211,0.806740,0.769786,0.796615,0.806232,0.811507,0.813821,0.803129,0.804393,0.810867,0.801244,0.793828,0.800215,0.802358,0.817675,0.798964,0.784213,0.790767,0.823335,0.817984,0.799134,0.824280,0.812394,0.821359,0.814824,0.804484,0.835615,0.819544,0.822566,0.825067,0.831756,0.828474,0.813800,0.806402,0.822413,0.818594,0.798126,0.818105,0.800702,0.759277,0.779112,0.759920,0.724679,0.715422,0.685304,0.665669,0.634154,0.609972,0.573715,0.548339,0.529804,0.499141,0.470890,0.446089,0.450697,0.437387,0.444086
Load11_cur,0.403188,0.392406,0.389447,0.387886,0.372102,0.380429,0.373298,0.380242,0.365197,0.366801,0.376227,0.367010,0.374269,0.372809,0.379585,0.390538,0.388554,0.403137,0.424610,0.460016,0.473049,0.498379,0.522905,0.551488,0.577540,0.591456,0.618279,0.621352,0.638783,0.669981,0.666646,0.684007,0.695499,0.713714,0.725505,0.743772,0.771719,0.763831,0.790444,0.777324,0.799956,0.786561,0.802602,0.809818,0.799362,0.797785,0.801905,0.797504,0.805639,0.787950,0.791406,0.792966,0.788834,0.810278,0.793012,0.783684,0.770712,0.809687,0.806400,0.814190,0.819841,0.809712,0.807011,0.815890,0.828384,0.812662,0.826196,0.819211,0.826091,0.846048,0.813555,0.837820,0.836193,0.805932,0.800013,0.811148,0.787005,0.790958,0.784759,0.781277,0.755197,0.752398,0.731601,0.698819,0.684972,0.645597,0.613741,0.568655,0.555577,0.508610,0.499257,0.485751,0.454640,0.451272,0.445001,0.438610
Load12_cur,0.402418,0.390054,0.391977,0.380571,0.387366,0.378353,0.372789,0.374151,0.366445,0.373676,0.363863,0.376065,0.370098,0.378954,0.388745,0.398217,0.407730,0.419834,0.438721,0.469676,0.479026,0.494379,0.534590,0.557016,0.557879,0.585016,0.602745,0.617851,0.629109,0.651790,0.664718,0.699139,0.700541,0.711240,0.750914,0.758932,0.760518,0.779496,0.777744,0.765778,0.785663,0.786156,0.801290,0.823113,0.811332,0.788419,0.791749,0.811726,0.805945,0.802505,0.794991,0.799221,0.796159,0.808331,0.811959,0.796944,0.776471,0.800107,0.811411,0.818869,0.822824,0.800298,0.834192,0.823282,0.817621,0.821011,0.807711,0.826302,0.823228,0.814988,0.824369,0.812582,0.824586,0.823975,0.794926,0.798509,0.790796,0.793642,0.782989,0.781810,0.761716,0.742174,0.727949,0.710561,0.681874,0.647862,0.612504,0.572810,0.550955,0.521171,0.503296,0.485864,0.449803,0.445458,0.444129,0.434564
Load13_cur,0.397408,0.396494,0.400465,0.379207,0.370552,0.376747,0.377811,0.366192,0.366065,0.377177,0.366687,0.375702,0.366846,0.383697,0.387929,0.392580,0.395317,0.417767,0.441644,0.456307,0.477597,0.495222,0.533110,0.557507,0.586959,0.587888,0.610828,0.615112,0.627495,0.663119,0.681070,0.680375,0.710449,0.709040,0.745158,0.748250,0.752553,0.771278,0.767662,0.775169,0.794470,0.796960,0.818392,0.808714,0.794189,0.806076,0.777720,0.803772,0.810296,0.784106,0.780753,0.805548,0.806073,0.798792,0.819385,0.805880,0.800995,0.802350,0.799906,0.806340,0.795953,0.829403,0.826967,0.823493,0.827354,0.824072,0.837627,0.823957,0.839857,0.833953,0.809947,0.828650,0.815850,0.827433,0.797837,0.827277,0.803734,0.797973,0.798835,0.786625,0.762099,0.748583,0.707826,0.692007,0.667069,0.631475,0.625730,0.579823,0.556910,0.523937,0.502694,0.472062,0.445192,0.454970,0.453361,0.443765
Load14_cur,0.400124,0.386971,0.386543,0.383496,0.385912,0.385758,0.377938,0.378342,0.365214,0.366285,0.374347,0.365219,0.371943,0.380625,0.392101,0.394313,0.395919,0.424635,0.431177,0.457702,0.474046,0.496839,0.528996,0.547952,0.582770,0.584732,0.608678,0.642111,0.637306,0.647401,0.663523,0.685376,0.711290,0.713497,0.718343,0.759301,0.765526,0.773949,0.786536,0.781941,0.800709,0.776808,0.797945,0.820892,0.820740,0.819355,0.802443,0.813488,0.804607,0.789479,0.805276,0.792026,0.803914,0.814341,0.803115,0.782452,0.814475,0.799183,0.808255,0.801245,0.802797,0.816765,0.838664,0.807376,0.821575,0.825846,0.832844,0.839837,0.823072,0.826602,0.839379,0.810835,0.830446,0.808686,0.817616,0.808486,0.795301,0.806974,0.788550,0.787538,0.762593,0.730352,0.723750,0.700085,0.660380,0.644883,0.609471,0.595929,0.543540,0.520873,0.488601,0.463790,0.446071,0.440209,0.439737,0.455884
Load15_cur,0.393685,0.392518,0.389223,0.388589,0.378589,0.373752,0.373829,0.382597,0.370429,0.369600,0.375093,0.375071,0.374804,0.372565,0.387891,0.389932,0.393154,0.418812,0.427429,0.450076,0.480204,0.515296,0.523405,0.549709,0.588379,0.610493,0.598627,0.620359,0.632168,0.640121,0.662313,0.686038,0.704686,0.718455,0.744506,0.735215,0.777673,0.773650,0.772113,0.782757,0.788860,0.790912,0.803425,0.807365,0.814717,0.827186,0.798049,0.814292,0.793036,0.789401,0.819729,0.805411,0.781444,0.787060,0.782666,0.792369,0.806973,0.803375,0.788577,0.824069,0.830849,0.805193,0.809021,0.818188,0.826868,0.811365,0.843301,0.829608,0.822330,0.833116,0.826229,0.828357,0.835028,0.821236,0.810771,0.796889,0.815966,0.797832,0.766144,0.781551,0.772772,0.730803,0.718111,0.693965,0.677282,0.648630,0.624820,0.601392,0.554323,0.523498,0.504313,0.471566,0.445564,0.447175,0.448107,0.440197
Load16_cur,0.405011,0.396750,0.386458,0.375641,0.376221,0.375224,0.372943,0.375122,0.368312,0.373393,0.373859,0.372555,0.370070,0.368664,0.387064,0.391848,0.396432,0.419402,0.428750,0.465784,0.485361,0.516575,0.533046,0.565691,0.579456,0.604334,0.617912,0.618479,0.644939,0.642658,0.680106,0.692513,0.708854,0.717615,0.752229,0.767236,0.767689,0.778307,0.772706,0.800799,0.793657,0.810160,0.802140,0.802427,0.826854,0.787198,0.810801,0.806328,0.812068,0.819556,0.812540,0.805577,0.806620,0.798796,0.791299,0.802845,0.799302,0.800325,0.811162,0.826233,0.821538,0.802870,0.827906,0.833074,0.822649,0.829032,0.812695,0.829815,0.824219,0.838309,0.830444,0.847269,0.827352,0.808876,0.830288,0.807129,0.836312,0.785835,0.791681,0.789893,0.761691,0.752198,0.714796,0.704131,0.684246,0.645797,0.601982,0.580367,0.549674,0.510973,0.505569,0.472245,0.453232,0.451589,0.442611,0.451018
Load17_cur,0.408396,0.403061,0.392362,0.385472,0.380002,0.386173,0.375775,0.375984,0.370807,0.359952,0.355678,0.375246,0.367684,0.382269,0.382272,0.394106,0.394633,0.403057,0.427054,0.458776,0.481201,0.508965,0.517758,0.557502,0.570579,0.604490,0.602438,0.629437,0.644057,0.648062,0.675620,0.676465,0.701681,0.706605,0.729631,0.749434,0.765618,0.767756,0.770348,0.788865,0.799601,0.778807,0.805437,0.820151,0.822699,0.820661,0.805578,0.811390,0.807669,0.788224,0.791239,0.803544,0.791560,0.798816,0.802313,0.821938,0.805829,0.804057,0.793734,0.781933,0.802726,0.813528,0.814625,0.809760,0.839890,0.823335,0.828599,0.836011,0.838009,0.816521,0.809612,0.822697,0.834057,0.844563,0.815528,0.808763,0.795132,0.768413,0.798042,0.781932,0.768921,0.748299,0.713632,0.707688,0.684161,0.648579,0.621248,0.578694,0.556201,0.523521,0.485756,0.470170,0.443665,0.455627,0.450458,0.452005
Load18_cur,0.401499,0.394414,0.396227,0.373754,0.379904,0.382337,0.375614,0.380988,0.356723,0.370080,0.377337,0.363661,0.361769,0.373010,0.384533,0.395811,0.400799,0.414559,0.448808,0.450899,0.489186,0.503099,0.519230,0.544924,0.590339,0.602603,0.607653,0.620508,0.634554,0.643952,0.671752,0.700962,0.697952,0.720411,0.731896,0.740265,0.764073,0.771836,0.782002,0.771764,0.785482,0.809378,0.802323,0.807840,0.786135,0.796903,0.800908,0.799250,0.807221,0.795316,0.803211,0.805102,0.789079,0.799178,0.783254,0.786222,0.806942,0.789165,0.809428,0.822140,0.829343,0.811476,0.810787,0.805916,0.805297,0.821539,0.832825,0.844375,0.836963,0.814584,0.828447,0.843321,0.833484,0.820173,0.824088,0.805741,0.788353,0.793517,0.779746,0.768882,0.744709,0.744887,0.704276,0.681446,0.692090,0.650209,0.629905,0.574678,0.547610,0.522118,0.509514,0.478438,0.444482,0.443565,0.448853,0.446403
Load19_cur,0.396933,0.387944,0.392513,0.375105,0.374446,0.375914,0.382394,0.372402,0.367964,0.372443,0.368700,0.360041,0.363816,0.368058,0.382827,0.387035,0.403455,0.423146,0.424111,0.458037,0.484688,0.505473,0.530924,0.554713,0.579963,0.599944,0.601067,0.627480,0.649018,0.643771,0.674341,0.665085,0.704428,0.710298,0.731665,0.752685,0.753921,0.777305,0.775257,0.791797,0.784014,0.803551,0.818892,0.800035,0.796496,0.793118,0.806234,0.799422,0.807379,0.788606,0.780061,0.804848,0.799120,0.813247,0.791800,0.829790,0.775478,0.802356,0.812316,0.802115,0.820492,0.824768,0.824822,0.830799,0.830876,0.813805,0.822550,0.831274,0.821039,0.836122,0.824226,0.809181,0.814506,0.836092,0.808523,0.827073,0.787454,0.797084,0.786488,0.775089,0.761016,0.726261,0.725910,0.701181,0.691041,0.656236,0.609384,0.578808,0.554549,0.523225,0.505700,0.476274,0.449768,0.441078,0.448866,0.455016
Load20_cur,0.400740,0.387932,0.401268,0.385634,0.377835,0.377522,0.376536,0.370250,0.362744,0.362488,0.373137,0.368969,0.362411,0.367548,0.385693,0.383840,0.402096,0.409223,0.429509,0.446363,0.480508,0.506469,0.542776,0.558997,0.570611,0.592659,0.601315,0.633410,0.632277,0.647054,0.652868,0.682904,0.692522,0.722765,0.734730,0.753014,0.750862,0.765612,0.785253,0.771841,0.772239,0.807823,0.791158,0.790792,0.788728,0.803204,0.804524,0.793783,0.791571,0.820045,0.806332,0.807072,0.780251,0.798509,0.801736,0.800314,0.798202,0.809630,0.792813,0.786494,0.803521,0.811789,0.826799,0.817956,0.824422,0.809985,0.830021,0.822757,0.835201,0.815624,0.836197,0.824349,0.823006,0.810276,0.806985,0.813071,0.801900,0.782426,0.792607,0.776961,0.755469,0.729546,0.720045,0.713546,0.679211,0.654584,0.613935,0.577478,0.557368,0.528851,0.504088,0.476906,0.449433,0.450998,0.448689,0.455770
Load21_cur,0.395167,0.390522,0.398908,0.387794,0.379325,0.374765,0.370240,0.368009,0.366067,0.372120,0.366844,0.368019,0.368979,0.373602,0.373756,0.384458,0.402480,0.423639,0.429500,0.448513,0.482782,0.492140,0.522359,0.546321,0.587064,0.588398,0.614640,0.629472,0.638151,0.666808,0.660986,0.662253,0.695406,0.692031,0.724354,0.754830,0.770179,0.766081,0.789494,0.804483,0.793998,0.790509,0.785665,0.822294,0.802881,0.802065,0.806382,0.790503,0.808559,0.809902,0.805251,0.800623,0.814229,0.797343,0.800427,0.775825,0.805338,0.811146,0.819656,0.810789,0.811240,0.805000,0.826849,0.818632,0.816628,0.824795,0.823260,0.850871,0.834338,0.808970,0.817296,0.823764,0.813813,0.822694,0.814988,0.809650,0.808187,0.803168,0.795482,0.785237,0.761238,0.741905,0.732553,0.695781,0.685078,0.678663,0.609867,0.577115,0.545118,0.520186,0.499789,0.468815,0.445272,0.444657,0.448690,0.435791
Load22_cur,0.401092,0.397469,0.399959,0.390539,0.373347,0.371069,0.370026,0.379867,0.365954,0.361496,0.368570,0.369223,0.369987,0.379985,0.380778,0.392733,0.396761,0.412384,0.436306,0.465975,0.470262,0.497632,0.522873,0.555494,0.576761,0.598047,0.607651,0.620424,0.647807,0.662012,0.673407,0.671177,0.711663,0.719521,0.727444,0.739655,0.772383,0.765161,0.770563,0.789654,0.796611,0.809521,0.804939,0.817840,0.805232,0.801652,0.798419,0.797773,0.808449,0.785078,0.802358,0.807600,0.799894,0.799407,0.793580,0.799246,0.808543,0.800931,0.794246,0.807520,0.799216,0.812485,0.806134,0.819291,0.835808,0.815814,0.833751,0.844220,0.824716,0.845724,0.832854,0.820846,0.798486,0.838679,0.833394,0.817837,0.788252,0.806242,0.783257,0.762362,0.750575,0.758509,0.737780,0.677563,0.668265,0.650928,0.608290,0.595309,0.555430,0.529362,0.492023,0.480078,0.453638,0.439954,0.448133,0.452066
Load23_cur,0.395450,0.394390,0.383846,0.378034,0.388787,0.374910,0.367720,0.371427,0.370184,0.366183,0.371426,0.365389,0.362264,0.376094,0.378166,0.390325,0.397151,0.421739,0.440901,0.453470,0.477590,0.509216,0.534182,0.563282,0.572997,0.608772,0.603036,0.627052,0.631676,0.660694,0.687013,0.690508,0.693190,0.702768,0.734001,0.742766,0.765784,0.773998,0.762966,0.800850,0.788308,0.805530,0.795102,0.800329,0.826418,0.828038,0.802128,0.808722,0.797673,0.804422,0.797544,0.789571,0.775421,0.802473,0.794367,0.798698,0.780761,0.809278,0.795231,0.816915,0.790287,0.813345,0.817282,0.820211,0.826933,0.837214,0.817909,0.821018,0.848343,0.836641,0.844934,0.823052,0.824972,0.822464,0.809893,0.817483,0.825432,0.815033,0.793780,0.776351,0.754494,0.742622,0.731275,0.712301,0.686475,0.651431,0.610760,0.586309,0.548318,0.536626,0.495027,0.478233,0.451976,0.451143,0.443553,0.441241
Load24_cur,0.405654,0.397794,0.384140,0.383510,0.375142,0.375776,0.376046,0.368450,0.369381,0.374274,0.364936,0.367942,0.360793,0.376236,0.381579,0.391132,0.390478,0.415457,0.431733,0.450122,0.481976,0.494105,0.528742,0.549716,0.559089,0.598621,0.601158,0.624515,0.629136,0.659464,0.648452,0.692284,0.706430,0.715886,0.729928,0.764143,0.760721,0.768356,0.777124,0.797092,0.770431,0.799891,0.816611,0.813274,0.805135,0.802729,0.796963,0.796851,0.795490,0.804680,0.822556,0.812763,0.805179,0.794250,0.814109,0.805238,0.789442,0.792261,0.797421,0.799374,0.816512,0.805399,0.823693,0.808531,0.817910,0.803139,0.836124,0.849144,0.811909,0.807866,0.841994,0.836647,0.835035,0.813402,0.795182,0.805911,0.801372,0.784202,0.778035,0.770295,0.791835,0.742927,0.723392,0.709779,0.685417,0.627282,0.622023,0.571676,0.543790,0.519963,0.493980,0.471359,0.439622,0.447433,0.454672,0.443693
Load25_cur,0.403183,0.399025,0.376345,0.392653,0.386385,0.381026,0.368656,0.368414,0.371732,0.372365,0.378644,0.365933,0.377536,0.371359,0.376375,0.389017,0.396687,0.419664,0.439229,0.461915,0.478091,0.497584,0.542073,0.547955,0.576795,0.578490,0.606498,0.603938,0.626846,0.658072,0.664082,0.685492,0.711964,0.714654,0.735687,0.756958,0.765543,0.775534,0.775288,0.786571,0.790797,0.775548,0.797208,0.817018,0.811587,0.824115,0.782010,0.784927,0.799341,0.818812,0.797344,0.780209,0.805442,0.822779,0.789055,0.807107,0.815424,0.795389,0.810678,0.816360,0.796761,0.818086,0.831644,0.809950,0.823707,0.811686,0.832043,0.821422,0.833948,0.845408,0.836562,0.826851,0.817348,0.823190,0.808992,0.800929,0.795214,0.778852,0.779293,0.759731,0.768037,0.739222,0.721980,0.703901,0.678258,0.660015,0.623568,0.576175,0.563007,0.521819,0.488820,0.467126,0.446235,0.447074,0.449326,0.449548
Load26_cur,0.394588,0.399761,0.393444,0.387664,0.380198,0.380844,0.377827,0.369960,0.373699,0.372628,0.368328,0.364111,0.366925,0.380813,0.383171,0.390090,0.396747,0.413671,0.436155,0.462660,0.471356,0.505132,0.529199,0.545809,0.571173,0.602392,0.590624,0.637301,0.642410,0.662884,0.679344,0.689061,0.710320,0.729962,0.741633,0.753377,0.759109,0.779456,0.777086,0.785235,0.797354,0.805245,0.799353,0.805203,0.799913,0.783363,0.795634,0.812368,0.812082,0.823464,0.788754,0.809467,0.785222,0.806016,0.813694,0.793560,0.785288,0.796598,0.796270,0.802773,0.796368,0.828684,0.807038,0.820760,0.843633,0.844631,0.819426,0.816400,0.838024,0.827760,0.848327,0.793604,0.820538,0.811632,0.804534,0.802910,0.812987,0.780177,0.801217,0.752719,0.759353,0.753056,0.731781,0.711453,0.684729,0.648957,0.624416,0.577637,0.540667,0.521177,0.490105,0.474833,0.449971,0.433285,0.449959,0.445713
Load27_cur,0.393060,0.399056,0.387852,0.380623,0.381344,0.383849,0.377854,0.375005,0.372288,0.369339,0.366641,0.372847,0.362081,0.365799,0.381701,0.394798,0.393613,0.419099,0.434258,0.459937,0.480186,0.498225,0.524024,0.548669,0.563656,0.594202,0.599073,0.623989,0.635877,0.633627,0.678276,0.696219,0.714037,0.720220,0.742578,0.757349,0.755328,0.767133,0.767809,0.775263,0.796546,0.803496,0.814063,0.788897,0.798076,0.801676,0.820960,0.819608,0.834174,0.812181,0.801212,0.798813,0.783139,0.793874,0.814060,0.798928,0.783247,0.807036,0.812005,0.805317,0.811219,0.814576,0.820876,0.816008,0.804821,0.834416,0.837942,0.825121,0.827506,0.808338,0.846178,0.830511,0.835486,0.802877,0.813143,0.805424,0.796538,0.791873,0.783706,0.774928,0.769069,0.756114,0.718776,0.698329,0.678844,0.641987,0.605634,0.568906,0.546099,0.526523,0.492583,0.471472,0.440695,0.449568,0.444803,0.437140
Load28_cur,0.393495,0.405381,0.401754,0.389293,0.380391,0.379767,0.380574,0.367975,0.365355,0.370596,0.369910,0.369707,0.373186,0.376204,0.380877,0.386266,0.396876,0.423375,0.441295,0.458087,0.465183,0.492646,0.526543,0.544750,0.565442,0.573715,0.608157,0.613064,0.621242,0.652587,0.662629,0.696692,0.688022,0.721140,0.715681,0.770381,0.763630,0.787083,0.786711,0.777912,0.802670,0.809975,0.819024,0.809350,0.802461,0.813635,0.807168,0.796079,0.801592,0.794489,0.789626,0.788503,0.805695,0.803301,0.811976,0.807652,0.802050,0.805313,0.791557,0.822155,0.821293,0.806493,0.827275,0.805584,0.820360,0.836637,0.824634,0.832235,0.814315,0.826021,0.856856,0.836463,0.816053,0.809803,0.835397,0.825199,0.807455,0.802389,0.803572,0.772930,0.770937,0.752831,0.735941,0.690841,0.684187,0.653439,0.617907,0.579641,0.550972,0.529808,0.501187,0.471301,0.433746,0.441860,0.447114,0.451366
Load29_cur,0.398198,0.398260,0.401496,0.389416,0.386353,0.378967,0.377281,0.371172,0.376692,0.370234,0.372854,0.361633,0.365395,0.375851,0.376418,0.382987,0.399766,0.409746,0.434790,0.457740,0.472800,0.501236,0.529314,0.560983,0.586159,0.588175,0.610484,0.620545,0.631572,0.654770,0.661268,0.672803,0.702414,0.717863,0.729445,0.741534,0.766279,0.750999,0.783554,0.785708,0.787898,0.789067,0.817439,0.803793,0.794744,0.792250,0.802738,0.803657,0.802165,0.792522,0.785664,0.805648,0.790009,0.808200,0.801627,0.790271,0.789493,0.787657,0.790625,0.808713,0.824747,0.818681,0.817262,0.805526,0.830677,0.843048,0.832083,0.824843,0.839329,0.824625,0.828098,0.822705,0.824105,0.806944,0.806099,0.804360,0.798653,0.813433,0.777321,0.787010,0.771275,0.747820,0.731932,0.718837,0.675466,0.644722,0.606363,0.589480,0.546671,0.529623,0.489967,0.465617,0.457541,0.440478,0.449705,0.452018
Load30_cur,0.406533,0.400390,0.392521,0.382772,0.387547,0.381416,0.374849,0.366574,0.369220,0.370748,0.367537,0.369631,0.367094,0.374786,0.384804,0.394528,0.392260,0.411437,0.429470,0.448903,0.486164,0.502741,0.530692,0.540561,0.580060,0.598663,0.620377,0.619386,0.633196,0.619789,0.672928,0.691582,0.681915,0.718786,0.717980,0.738936,0.771447,0.766128,0.771718,0.787623,0.772027,0.798268,0.773755,0.800641,0.798131,0.803920,0.807314,0.800546,0.817169,0.788723,0.802223,0.799589,0.798611,0.778811,0.791248,0.801421,0.777014,0.810147,0.823163,0.786716,0.808331,0.813866,0.805682,0.816912,0.814067,0.829281,0.813167,0.822560,0.831943,0.826032,0.816286,0.820723,0.810671,0.838605,0.817382,0.802915,0.826018,0.807042,0.781169,0.799536,0.763510,0.749724,0.725356,0.682693,0.674438,0.643952,0.604207,0.587256,0.556948,0.528774,0.502395,0.479340,0.436190,0.436058,0.444245,0.449367
Load31_cur,0.399601,0.395751,0.389004,0.383056,0.371551,0.380105,0.376808,0.372520,0.365298,0.371180,0.373106,0.358829,0.366568,0.378821,0.380505,0.385581,0.401692,0.411537,0.440719,0.453659,0.463695,0.500551,0.515369,0.542991,0.580588,0.583678,0.608872,0.624270,0.644380,0.658158,0.683133,0.693111,0.696933,0.703544,0.744110,0.733296,0.756567,0.768855,0.784398,0.790881,0.785081,0.799183,0.795270,0.804015,0.795081,0.803489,0.798700,0.812212,0.819707,0.812414,0.813548,0.800639,0.804227,0.799534,0.795720,0.812612,0.811156,0.803201,0.815764,0.794847,0.801864,0.807832,0.814386,0.827658,0.833869,0.831989,0.821017,0.828225,0.830180,0.844811,0.827157,0.830527,0.820949,0.810824,0.814824,0.808000,0.812513,0.804461,0.799820,0.781528,0.747106,0.739220,0.714547,0.698817,0.674132,0.647113,0.623276,0.584755,0.538303,0.522324,0.496761,0.466646,0.454391,0.444020,0.453828,0.447404
Load32_cur,0.398484,0.388904,0.391559,0.382375,0.379793,0.378524,0.376107,0.370603,0.365975,0.364311,0.378341,0.364996,0.371080,0.373581,0.381679,0.383036,0.402019,0.416010,0.438056,0.438547,0.488585,0.508639,0.529586,0.544766,0.577879,0.596667,0.614289,0.627585,0.634160,0.653124,0.668959,0.675337,0.676315,0.714979,0.742674,0.751324,0.767267,0.778952,0.785744,0.776449,0.785527,0.795264,0.798254,0.806299,0.787950,0.803186,0.799506,0.791040,0.810729,0.809777,0.814915,0.791078,0.796746,0.794398,0.799522,0.790113,0.794734,0.805102,0.803635,0.811092,0.813550,0.810305,0.827534,0.831643,0.815533,0.825607,0.812004,0.831231,0.827791,0.838073,0.831519,0.815135,0.840610,0.809517,0.813607,0.806626,0.823542,0.785012,0.789006,0.778813,0.753897,0.736461,0.724314,0.696606,0.681869,0.641301,0.611870,0.593590,0.549062,0.529762,0.499604,0.463966,0.452840,0.443844,0.447395,0.448384
PV_Bus6_irr,0.000000,0.000000,0.000000,0.000000,0.000000,0.000000,0.000000,0.000000,0.000000,0.000000,0.000000,0.000000,0.000000,0.000000,0.000000,0.000000,0.000000,0.001780,0.003589,0.005148,0.006912,0.017463,0.027883,0.038160,0.049060,0.073214,0.095075,0.118109,0.143974,0.173193,0.208964,0.237505,0.269084,0.296626,0.320060,0.358416,0.388267,0.415446,0.454304,0.463514,0.492157,0.511543,0.533385,0.546627,0.555125,0.581758,0.588592,0.583686,0.591104,0.600800,0.589059,0.582367,0.578177,0.551894,0.548644,0.536063,0.536241,0.497269,0.481698,0.442227,0.433918,0.384635,0.366691,0.337101,0.300367,0.265564,0.235981,0.198066,0.171752,0.140738,0.115689,0.088207,0.064585,0.051166,0.038373,0.025085,0.011952,0.008950,0.006035,0.002979,0.000000,0.000000,0.000000,0.000000,0.000000,0.000000,0.000000,0.000000,0.000000,0.000000,0.000000,0.000000,0.000000,0.000000,0.000000,0.000000
PV_Bus14_irr,0.000000,0.000000,0.000000,0.000000,0.000000,0.000000,0.000000,0.000000,0.000000,0.000000,0.000000,0.000000,0.000000,0.000000,0.000000,0.000000,0.000000,0.001753,0.003478,0.005315,0.006973,0.017535,0.027243,0.038536,0.049501,0.071026,0.096076,0.120496,0.142091,0.170399,0.204755,0.238801,0.262044,0.300958,0.329547,0.356461,0.399093,0.418030,0.434481,0.460996,0.494327,0.508667,0.522845,0.543820,0.575056,0.571652,0.579040,0.584374,0.584090,0.596934,0.581873,0.581583,0.576481,0.575186,0.552408,0.537908,0.521955,0.498561,0.466670,0.445030,0.421979,0.392871,0.368178,0.337918,0.305613,0.262505,0.232105,0.198020,0.169789,0.139878,0.113954,0.089091,0.063495,0.051841,0.037353,0.024342,0.011911,0.008889,0.005903,0.002984,0.000000,0.000000,0.000000,0.000000,0.000000,0.000000,0.000000,0.000000,0.000000,0.000000,0.000000,0.000000,0.000000,0.000000,0.000000,0.000000
PV_Bus19_irr,0.000000,0.000000,0.000000,0.000000,0.000000,0.000000,0.000000,0.000000,0.000000,0.000000,0.000000,0.000000,0.000000,0.000000,0.000000,0.000000,0.000000,0.001745,0.003490,0.005317,0.006949,0.017523,0.028248,0.038326,0.048942,0.070606,0.093757,0.118326,0.141019,0.170286,0.205702,0.237086,0.266863,0.297703,0.325613,0.358960,0.391702,0.412747,0.446594,0.465593,0.490004,0.507576,0.534864,0.544796,0.547285,0.555567,0.586056,0.570676,0.602119,0.590786,0.585892,0.574307,0.575415,0.576698,0.559901,0.533028,0.515679,0.506152,0.478533,0.451736,0.428461,0.402437,0.364456,0.329470,0.302475,0.269832,0.229397,0.199932,0.169636,0.143108,0.118728,0.088669,0.063565,0.049925,0.037422,0.025613,0.012048,0.009057,0.006044,0.003076,0.000000,0.000000,0.000000,0.000000,0.000000,0.000000,0.000000,0.000000,0.000000,0.000000,0.000000,0.000000,0.000000,0.000000,0.000000,0.000000
PV_Bus25_irr,0.000000,0.000000,0.000000,0.000000,0.000000,0.000000,0.000000,0.000000,0.000000,0.000000,0.000000,0.000000,0.000000,0.000000,0.000000,0.000000,0.000000,0.001757,0.003486,0.005225,0.006920,0.017828,0.027262,0.037748,0.049793,0.072484,0.093505,0.118105,0.142031,0.170012,0.203370,0.239018,0.264684,0.301440,0.317900,0.364255,0.393597,0.414831,0.449390,0.473813,0.487137,0.507230,0.539472,0.546528,0.558117,0.572516,0.559661,0.590164,0.594805,0.590528,0.595499,0.587438,0.581044,0.558460,0.543854,0.525311,0.518108,0.496178,0.475042,0.446117,0.424525,0.398058,0.359746,0.333203,0.300163,0.270864,0.235186,0.201630,0.168137,0.142608,0.116569,0.089948,0.063440,0.051096,0.036951,0.024736,0.011983,0.009003,0.006001,0.002974,0.000000,0.000000,0.000000,0.000000,0.000000,0.000000,0.000000,0.000000,0.000000,0.000000,0.000000,0.000000,0.000000,0.000000,0.000000,0.000000
PV_Bus31_irr,0.000000,0.000000,0.000000,0.000000,0.000000,0.000000,0.000000,0.000000,0.000000,0.000000,0.000000,0.000000,0.000000,0.000000,0.000000,0.000000,0.000000,0.001733,0.003513,0.005283,0.006943,0.017414,0.027767,0.037833,0.049213,0.072679,0.094603,0.118480,0.142635,0.173237,0.207231,0.236455,0.265242,0.303517,0.330483,0.356829,0.385460,0.416815,0.440365,0.465840,0.505126,0.501291,0.534524,0.544226,0.565325,0.559091,0.571629,0.592175,0.582415,0.586955,0.587208,0.576168,0.582646,0.570596,0.548820,0.536738,0.511790,0.492470,0.479696,0.444309,0.427425,0.403442,0.361433,0.324871,0.302247,0.266259,0.234781,0.199725,0.168948,0.144550,0.116012,0.087914,0.063636,0.051695,0.037996,0.024957,0.011915,0.008987,0.006129,0.002984,0.000000,0.000000,0.000000,0.000000,0.000000,0.000000,0.000000,0.000000,0.000000,0.000000,0.000000,0.000000,0.000000,0.000000,0.000000,0.000000
BESS_Bus18_en,0.288776,0.281863,0.275028,0.272016,0.265708,0.264519,0.259468,0.261078,0.252278,0.256742,0.245779,0.254499,0.255519,0.264584,0.272078,0.281896,0.279715,0.301980,0.323827,0.342565,0.364798,0.397918,0.424408,0.443458,0.472919,0.489918,0.513193,0.531766,0.534781,0.560882,0.572759,0.573563,0.609565,0.624766,0.643204,0.653846,0.676769,0.675665,0.687228,0.698367,0.717093,0.702718,0.723941,0.725096,0.720219,0.717299,0.717376,0.724028,0.718844,0.710444,0.726467,0.711185,0.722858,0.717708,0.723747,0.722922,0.707495,0.710955,0.707775,0.734239,0.726896,0.722185,0.724808,0.745213,0.728512,0.743092,0.755901,0.743451,0.747806,0.744948,0.725796,0.743820,0.729766,0.742135,0.721003,0.728983,0.726608,0.711448,0.699757,0.680177,0.675571,0.661058,0.635268,0.619538,0.582235,0.549403,0.530931,0.487040,0.453204,0.420819,0.396128,0.359731,0.332582,0.348803,0.340255,0.332506
EV_Bus19_cur,0.402349,0.405800,0.394692,0.391191,0.383282,0.365348,0.375769,0.368306,0.370625,0.369561,0.367808,0.369278,0.368919,0.379518,0.386105,0.387835,0.396710,0.415529,0.437034,0.457810,0.477167,0.503601,0.527359,0.557868,0.580964,0.580186,0.608760,0.612552,0.641501,0.647256,0.668124,0.680262,0.699180,0.712014,0.729321,0.748584,0.752286,0.758803,0.776018,0.777339,0.780649,0.784419,0.787953,0.813698,0.803835,0.791723,0.789594,0.796014,0.797074,0.800387,0.788805,0.793596,0.793913,0.780457,0.797939,0.786866,0.789125,0.809738,0.782960,0.799373,0.818642,0.818450,0.823094,0.799202,0.817593,0.821960,0.831498,0.827742,0.813196,0.828231,0.790548,0.812046,0.806704,0.796614,0.824739,0.812972,0.806797,0.808570,0.775325,0.770864,0.745881,0.732612,0.710393,0.701208,0.684942,0.631467,0.610256,0.577828,0.539654,0.511875,0.496597,0.483868,0.443079,0.451363,0.444854,0.456521
EV_Bus7_cur,0.397774,0.392791,0.389496,0.390330,0.382620,0.367904,0.378688,0.376675,0.363176,0.370899,0.369780,0.373889,0.370088,0.380631,0.380309,0.384375,0.393011,0.411240,0.437405,0.450944,0.473431,0.508579,0.522648,0.551545,0.580384,0.594532,0.600541,0.615891,0.635335,0.647564,0.677225,0.676651,0.707773,0.709577,0.728923,0.742470,0.763546,0.758610,0.766636,0.775287,0.779156,0.800231,0.793304,0.799306,0.797532,0.793948,0.804511,0.806646,0.798116,0.792764,0.796030,0.784523,0.787352,0.788908,0.792901,0.799460,0.792465,0.802914,0.797738,0.800478,0.804479,0.809343,0.812636,0.810336,0.812516,0.821150,0.815300,0.821616,0.830054,0.830053,0.825016,0.816521,0.815212,0.818380,0.814209,0.798595,0.811001,0.784334,0.786129,0.768217,0.751875,0.744589,0.722688,0.693177,0.670640,0.645368,0.606800,0.584308,0.558353,0.533488,0.483653,0.462710,0.440276,0.441908,0.449944,0.448675
AC_Bus2_cur,0.396725,0.390834,0.389238,0.389265,0.377737,0.372694,0.369387,0.381748,0.370391,0.364758,0.366978,0.364174,0.369358,0.373107,0.382574,0.381286,0.395275,0.416922,0.433961,0.454836,0.478282,0.499619,0.529192,0.529414,0.585708,0.594602,0.599665,0.639457,0.629738,0.648960,0.666355,0.678848,0.695669,0.711656,0.731697,0.742390,0.770033,0.768835,0.786993,0.782311,0.798007,0.776251,0.794538,0.791985,0.810078,0.816981,0.800350,0.785883,0.788324,0.792891,0.805472,0.779356,0.796273,0.797442,0.795737,0.792782,0.783294,0.795626,0.792713,0.812409,0.805522,0.806551,0.816248,0.822981,0.818713,0.816930,0.819444,0.823128,0.827008,0.827442,0.810088,0.808109,0.837682,0.823771,0.811517,0.808809,0.807359,0.780459,0.786646,0.767921,0.768708,0.739149,0.706001,0.678459,0.666599,0.653686,0.621625,0.579160,0.549898,0.525425,0.512429,0.470371,0.438353,0.439377,0.444433,0.448884
EV_Bus19_lb_mu,0.297521,0.292085,0.288108,0.280612,0.278053,0.279971,0.272913,0.276165,0.271352,0.266937,0.268425,0.267606,0.271457,0.279997,0.281877,0.289362,0.292676,0.309587,0.332089,0.357281,0.378516,0.399607,0.423511,0.443792,0.476064,0.497800,0.502184,0.506336,0.527033,0.557586,0.567876,0.580732,0.605329,0.613577,0.626332,0.629511,0.658702,0.657556,0.680440,0.692998,0.685664,0.679014,0.695808,0.696558,0.701531,0.706146,0.681052,0.707675,0.693723,0.713617,0.686218,0.689942,0.698943,0.697178,0.694919,0.688460,0.704571,0.704525,0.693095,0.702861,0.718370,0.711017,0.705938,0.724070,0.732684,0.728422,0.720166,0.719573,0.733054,0.728223,0.724831,0.716330,0.719020,0.711739,0.716021,0.701879,0.710750,0.714932,0.673447,0.657157,0.659432,0.644625,0.628084,0.598073,0.589100,0.552742,0.518881,0.485330,0.445293,0.416126,0.401859,0.377442,0.343729,0.344264,0.341618,0.348588
EV_Bus19_lb_sigma,0.035296,0.030009,0.028344,0.028101,0.031296,0.030051,0.024504,0.027496,0.025989,0.026182,0.021317,0.027440,0.031065,0.027474,0.033666,0.032900,0.026733,0.030374,0.034925,0.030920,0.039575,0.042306,0.042712,0.046929,0.053890,0.052656,0.046398,0.046270,0.054443,0.055245,0.059602,0.056445,0.057626,0.057804,0.055169,0.068667,0.053382,0.071608,0.054475,0.062878,0.073823,0.051867,0.073832,0.062670,0.070502,0.059452,0.061437,0.063084,0.071261,0.082431,0.069244,0.062406,0.063675,0.066724,0.068201,0.062836,0.067285,0.069323,0.054414,0.064210,0.079029,0.069682,0.080340,0.076745,0.057413,0.075238,0.071375,0.067589,0.081287,0.067075,0.054355,0.064938,0.068634,0.064827,0.079708,0.063126,0.068379,0.075957,0.063202,0.065689,0.058513,0.060119,0.061826,0.057357,0.057342,0.059199,0.049963,0.048436,0.039456,0.040468,0.043839,0.043199,0.037303,0.038724,0.032544,0.031532
EV_Bus19_ub_mu,0.499154,0.492170,0.478867,0.481306,0.482295,0.468654,0.478370,0.471201,0.480297,0.462463,0.463394,0.479756,0.474772,0.465654,0.484925,0.497036,0.489251,0.520807,0.541798,0.560445,0.588983,0.591658,0.621371,0.654098,0.673736,0.687586,0.704372,0.727820,0.751724,0.741394,0.774745,0.782605,0.794960,0.804514,0.841632,0.844225,0.842748,0.869350,0.872846,0.882166,0.923355,0.906172,0.905704,0.905192,0.914217,0.923225,0.887790,0.901575,0.911866,0.899700,0.908064,0.898328,0.896640,0.891226,0.906467,0.904615,0.917370,0.908822,0.907324,0.894727,0.910472,0.914216,0.928960,0.896240,0.910454,0.924494,0.923183,0.934634,0.927184,0.913985,0.916124,0.927844,0.935737,0.909954,0.901483,0.925703,0.904677,0.905515,0.893980,0.885539,0.855564,0.856659,0.835368,0.807205,0.776424,0.732304,0.717780,0.675736,0.642304,0.628140,0.612751,0.573945,0.543783,0.547274,0.555006,0.543938
EV_Bus19_ub_sigma,0.051054,0.046837,0.056448,0.037348,0.042088,0.043567,0.047459,0.039880,0.044145,0.044339,0.043662,0.049850,0.052682,0.053247,0.049474,0.049538,0.044011,0.040822,0.056253,0.057307,0.053969,0.056512,0.053915,0.078620,0.062527,0.069090,0.065636,0.080374,0.076129,0.077628,0.064328,0.080594,0.071436,0.087405,0.075368,0.075205,0.080676,0.084868,0.120183,0.093867,0.104046,0.102517,0.087946,0.092086,0.098392,0.096074,0.089454,0.097361,0.086164,0.097032,0.092035,0.104354,0.068976,0.106157,0.100050,0.100040,0.085094,0.077700,0.104958,0.107623,0.076604,0.095545,0.085959,0.083790,0.086707,0.103859,0.095590,0.098697,0.084243,0.109761,0.103217,0.091796,0.103815,0.095622,0.082139,0.095830,0.092744,0.084814,0.089995,0.087364,0.080767,0.078763,0.078437,0.078973,0.071741,0.086782,0.079896,0.091408,0.073313,0.072480,0.069842,0.064813,0.057969,0.060760,0.058609,0.051110
EV_Bus7_lb_mu,0.292828,0.294832,0.299169,0.283857,0.284002,0.277392,0.275517,0.270403,0.271630,0.269245,0.264465,0.280882,0.260074,0.276075,0.281513,0.288895,0.291218,0.323339,0.343697,0.364151,0.372480,0.394570,0.428002,0.445686,0.476632,0.495170,0.495883,0.523989,0.530741,0.560805,0.565442,0.579964,0.612049,0.622644,0.626730,0.639811,0.676011,0.663771,0.672941,0.686343,0.682750,0.680619,0.689648,0.703937,0.697132,0.703781,0.692459,0.704380,0.671814,0.690322,0.688277,0.680528,0.692849,0.679263,0.704169,0.715506,0.696119,0.707360,0.697687,0.701316,0.711941,0.709596,0.721688,0.714828,0.718357,0.715697,0.710196,0.724307,0.713880,0.735968,0.726437,0.708655,0.738512,0.721270,0.720893,0.703361,0.705032,0.696292,0.679815,0.671929,0.654379,0.646617,0.616686,0.586118,0.585622,0.557191,0.511730,0.478541,0.456303,0.423533,0.400713,0.368313,0.350315,0.347302,0.349764,0.343366
EV_Bus7_lb_sigma,0.033376,0.029639,0.026777,0.027155,0.028209,0.025696,0.022493,0.026684,0.023342,0.025320,0.030792,0.027642,0.025617,0.028180,0.027861,0.026863,0.027415,0.036307,0.035123,0.037600,0.035206,0.038086,0.045204,0.050784,0.043013,0.050797,0.049456,0.053234,0.049405,0.059382,0.067649,0.051873,0.056971,0.053343,0.050635,0.060070,0.063292,0.056887,0.061939,0.084111,0.076142,0.069406,0.063851,0.091117,0.077541,0.067438,0.070513,0.073290,0.079973,0.074641,0.059352,0.073144,0.063002,0.062978,0.067379,0.070471,0.058134,0.065392,0.059596,0.065308,0.064119,0.062328,0.069043,0.070269,0.059814,0.075157,0.077454,0.073409,0.075580,0.076301,0.077528,0.066772,0.063845,0.076541,0.070397,0.069275,0.066205,0.065641,0.067540,0.064810,0.062118,0.061979,0.057274,0.054949,0.053903,0.059808,0.046337,0.053744,0.053576,0.044004,0.038194,0.035294,0.034908,0.033505,0.030790,0.036411
EV_Bus7_ub_mu,0.500318,0.497054,0.477015,0.477078,0.482211,0.468819,0.466447,0.468362,0.471363,0.469778,0.466541,0.469712,0.470974,0.476216,0.487265,0.479544,0.495858,0.517444,0.529797,0.555234,0.583547,0.608906,0.616218,0.646446,0.691205,0.701837,0.712687,0.712228,0.748120,0.764170,0.765190,0.788988,0.822088,0.808478,0.837508,0.835401,0.854722,0.845940,0.878586,0.875816,0.877738,0.878808,0.901104,0.900201,0.900183,0.913792,0.917001,0.917824,0.889012,0.896572,0.897066,0.889136,0.911637,0.890119,0.911713,0.905398,0.902077,0.899040,0.909461,0.912668,0.902988,0.899978,0.916440,0.928834,0.935968,0.907317,0.912279,0.926230,0.937767,0.919393,0.935562,0.933396,0.892756,0.910652,0.919748,0.900968,0.909425,0.878649,0.901445,0.872020,0.861421,0.847836,0.825087,0.787008,0.777395,0.755523,0.712249,0.678391,0.657338,0.623439,0.587252,0.585771,0.543200,0.542822,0.559690,0.552745
EV_Bus7_ub_sigma,0.044913,0.041507,0.043304,0.045070,0.052972,0.047390,0.047897,0.048898,0.046540,0.047072,0.046376,0.043271,0.042078,0.042958,0.042296,0.043832,0.045144,0.057294,0.054246,0.055854,0.049806,0.058659,0.056172,0.059884,0.059747,0.073717,0.069955,0.062212,0.080871,0.077723,0.080691,0.091273,0.075181,0.092715,0.092747,0.077352,0.089697,0.101631,0.085368,0.085970,0.096925,0.094312,0.097485,0.081069,0.091914,0.087905,0.089094,0.076517,0.102391,0.096188,0.086713,0.097008,0.076581,0.074884,0.091740,0.083564,0.098039,0.090467,0.087413,0.088921,0.095242,0.084211,0.080769,0.096746,0.082643,0.096914,0.083464,0.102919,0.088518,0.092568,0.083021,0.097219,0.095971,0.099699,0.081255,0.094872,0.084134,0.086349,0.085745,0.091189,0.078430,0.092951,0.076774,0.076913,0.076890,0.068224,0.080336,0.064713,0.061221,0.064483,0.062149,0.051047,0.055436,0.048600,0.057939,0.056943
AC_Bus2_lb_mu,0.300241,0.301348,0.296796,0.290232,0.282395,0.271826,0.270862,0.272713,0.265885,0.264237,0.271585,0.266125,0.262381,0.282340,0.281384,0.292497,0.302734,0.318794,0.337462,0.359388,0.370948,0.397136,0.421560,0.455285,0.484796,0.488756,0.505134,0.526953,0.540793,0.554621,0.573293,0.580033,0.602540,0.602919,0.634170,0.652824,0.674560,0.673590,0.680617,0.678212,0.693532,0.677210,0.695698,0.689776,0.701111,0.706570,0.712057,0.705381,0.703802,0.701068,0.697792,0.697879,0.699960,0.703167,0.699605,0.687009,0.697925,0.700632,0.703948,0.706670,0.712606,0.719181,0.726349,0.721309,0.720044,0.715176,0.713726,0.725084,0.734570,0.722961,0.714318,0.722858,0.721079,0.730668,0.716347,0.710732,0.691817,0.691263,0.688982,0.681074,0.642805,0.649872,0.621366,0.594248,0.581862,0.541233,0.531783,0.487187,0.451255,0.411773,0.390389,0.373704,0.347575,0.347375,0.354543,0.345747
AC_Bus2_lb_sigma,0.030148,0.029238,0.035738,0.029224,0.026546,0.026422,0.030913,0.027973,0.026635,0.028248,0.029019,0.025485,0.028989,0.030557,0.028413,0.034007,0.030189,0.031663,0.035553,0.034843,0.035574,0.040562,0.045304,0.052287,0.046522,0.048172,0.039159,0.048363,0.052233,0.054742,0.050250,0.062734,0.055537,0.062515,0.060536,0.062250,0.066703,0.059398,0.058024,0.068574,0.073864,0.080630,0.063434,0.065035,0.068770,0.065450,0.069229,0.059445,0.066432,0.075351,0.065512,0.064813,0.076118,0.068509,0.057108,0.067493,0.062363,0.068844,0.068342,0.064868,0.069371,0.064489,0.075344,0.074530,0.063619,0.078485,0.063929,0.068506,0.060903,0.063693,0.078797,0.068535,0.078090,0.080403,0.063011,0.065514,0.072256,0.066556,0.066000,0.053225,0.060605,0.070356,0.058345,0.061462,0.062940,0.052700,0.054656,0.047623,0.049659,0.041066,0.037943,0.039626,0.030185,0.034582,0.031246,0.032948
AC_Bus2_ub_mu,0.504470,0.490452,0.477197,0.476867,0.476356,0.474629,0.472631,0.468097,0.474266,0.452970,0.469403,0.469176,0.472582,0.466203,0.485410,0.493822,0.491146,0.517480,0.539630,0.553011,0.583448,0.604803,0.635370,0.659977,0.672413,0.693345,0.703178,0.710988,0.729959,0.756528,0.774830,0.781061,0.814192,0.830572,0.831616,0.849421,0.881719,0.889381,0.895218,0.879747,0.892613,0.906740,0.912113,0.905858,0.911994,0.899384,0.912144,0.884642,0.895730,0.907079,0.885156,0.891895,0.918143,0.889092,0.882827,0.912544,0.891983,0.893807,0.902358,0.910418,0.921438,0.912315,0.931239,0.932040,0.915822,0.939970,0.932092,0.916507,0.939399,0.919862,0.902464,0.933598,0.923935,0.912872,0.906367,0.920614,0.923763,0.896265,0.888965,0.871702,0.868871,0.841502,0.822641,0.815480,0.774525,0.753290,0.713885,0.674549,0.651232,0.625312,0.605581,0.577302,0.544740,0.550957,0.544926,0.548255
AC_Bus2_ub_sigma,0.056201,0.052868,0.057555,0.050916,0.044193,0.052691,0.042410,0.048209,0.048934,0.045661,0.044750,0.046157,0.041335,0.044604,0.052206,0.053164,0.053540,0.049122,0.046840,0.059034,0.050587,0.055907,0.078846,0.068458,0.056378,0.070432,0.076595,0.069610,0.083121,0.076254,0.071859,0.076844,0.097237,0.080218,0.071430,0.084019,0.079965,0.098214,0.075253,0.081232,0.093294,0.090113,0.077076,0.090751,0.068860,0.076596,0.089396,0.108416,0.091152,0.087289,0.086150,0.089655,0.098159,0.098623,0.096749,0.089877,0.109610,0.097236,0.091830,0.095483,0.091897,0.093493,0.106895,0.084358,0.078255,0.095716,0.091107,0.079667,0.096648,0.093459,0.094214,0.090643,0.098206,0.076651,0.085335,0.089990,0.079940,0.098162,0.085225,0.088358,0.081264,0.098533,0.095307,0.070777,0.075553,0.070471,0.064926,0.069108,0.063201,0.053255,0.063359,0.061428,0.055102,0.054242,0.061712,0.049134
