name,value,
model,training_dataset_default,
scenario,output_scenario_default,
n_samples,200,
seed,42,
start_time,0:00,
end_time,23:45,
EV_Bus19_lb,truncated_normal,mu:EV_Bus19_lb_mu,sigma:EV_Bus19_lb_sigma,
EV_Bus19_ub,truncated_normal,mu:EV_Bus19_ub_mu,sigma:EV_Bus19_ub_sigma,
EV_Bus7_lb,truncated_normal,mu:EV_Bus7_lb_mu,sigma:EV_Bus7_lb_sigma,
EV_Bus7_ub,truncated_normal,mu:EV_Bus7_ub_mu,sigma:EV_Bus7_ub_sigma,
AC_Bus2_lb,truncated_normal,mu:AC_Bus2_lb_mu,sigma:AC_Bus2_lb_sigma,
AC_Bus2_ub,truncated_normal,mu:AC_Bus2_ub_mu,sigma:AC_Bus2_ub_sigma,
